Zi Nummer;Medicijn naam;Locatie;code;Plaats Nr 400 Mach.;Plaats Nr 500 Mach.
14032244;PARACETAMOL T 500MG ;1;B;25;29
15600513;METFORMINE T 500 MG;2;B;1;1
16591798;PANTOPRAZOL MSR 40MG ;3;B;13;15
14083515;ACETYLSAL CARD DISP T 80MG;4;B;7;8
16597486;GLICLAZIDE  T 30MG;5;B;31;36
16288238;CLOPIDROGEL T 75MG ;6;B;19;22
15804038;ELIQUIS T 5MG;7;B;49;50
15549607;METOPROLOL RET T 50MG;8;B;37;64
17092892;SIMVASTATINE T 40 MG ;9;B;67;78
15600564;METFORMINE T 1000 MG ;10;B;15;17
17171857;FUROSEMIDE T 40MG ;11;B;55;57
16591763;PANTOPRAZOL MSR 20MG;12;B;4;11
15600467;CALCI CHEW D3 500/800 T ;13;B;43;43
15593274;AMLODIPINE TABL 5MG;14;B;16;5
15715345;OMEPRAZOL C MSR 20MG ;15;B;61;71
15600548;METFORMINE T 850 MG ;16;B;32;2
16725530;ATORVASTATINE TABL OMH 40M;17;B;2;30
15549623;METOPROLOL RET T 100MG;18;B;33;37
17096960;SINEMET 62,5 TABL 50/12,5M;19;B;12;46
16868579;HYDROCHLOORTH T 12.5MG;20;B;53;19
15715361;OMEPRAZOL C MSR 40MG;21;B;68;3
15549593;METOPROLOL RET T 25MG;22;B;35;28
15593282;AMLODIPINE TABL 10MG;23;B;9;72
16319117;ELIQUIS T 2,5MG;24;B;354;7
14232685;OXAZEPAM T 10MG;25;B;17;33
16644247;EZETIMIBE TABL 10MG;26;B;24;25
13939874;MAGN HYDR KT 724MG ;27;B;21;52
15990346;FORXIGA TABL OMH 10MG;28;B;5;10
14846640;GLICLAZIDE RET 80MG ;29;B;64;6
17083974;PREGABALINE CAPS 75MG;30;B;3;9
17092884;SIMVASTATINE T 20 MG ;31;B;62;24
15547426;BUMETANIDE T 1MG ;32;B;22;14
14211106;FUROSEMIDE T 20MG;33;B;40;63
15736415;XARELTO TABL OMH 20MG;34;B;20;4
16725522;ATORVASTATINE TABL OMH 20M;35;B;6;84
17064236;SPIRONOLACTON TABL 12,5MG;36;B;71;56
16746570;ALLOPURINOL T 100MG;37;B;66;21
16604806;ROSUVASTATINE TABL OMH 20M;38;B;38;83
16798090;TAMSULOSINE C 0,4MG ;39;B;50;23
14224917;FERROFUMARAAT TABL 200MG;40;B;8;13
16672216;QUETIAPINE TABL OMH 25MG;41;B;48;27
17079926;SPIRONOLACTON T 25MG ;42;B;65;20
16604776;ROSUVASTATINE TABL OMH 10M;43;B;51;81
16188543;PERINDOPRIL TERT-BUT T 4MG;44;B;58;34
15521877;AMITRIPTYLINE HCL TABL 25M;45;B;59;60
16528433;LISINOPRIL T 10MG ;46;B;11;62
16768124;ISOSORBID MONO TABL 30MG;47;B;57;82
16672151;LOSARTAN T 50MG ;48;B;72;40
14643022;CALCI CHEW D3 500MG/400IE;49;B;44;51
16529456;PERINDOPRIL T 2 MG ;50;B;52;18
17404630;LORAZEPAM T 1MG ;51;B;47;47
13921398;PREDNISOLON T 5MG ;52;B;29;39
17113008;SOTALOL T 40 MG ;53;B;45;35
16672178;LOSARTAN T 100MG ;54;B;56;58
16591984;LEVETIRACETAM 500 MG ;55;B;26;73
17017122;VIT B12 1000MCG TABL ACE;56;B;10;80
16591879;CITALOPRAM T 20MG;57;B;23;26
15624005;ESOMEPRAZOL CAPS 40MG;58;B;27;66
16604733;ROSUVASTATINE TABL OMH 5MG;59;B;14;32
16579208;BISOPROLOL T 2,5MG ;60;B;42;42
16725514;ATORVASTATINE T 10MG ;61;B;28;75
12834831;MADOPAR TABL 125MG;62;B;39;77
15145247;ENALAPRIL MAL T 10MG ;63;B;30;49
16725891;NORTRIPTYLINE T 10MG ;64;B;54;74
15625583;LANOXIN T 0,125MG ;65;B;41;41
17385121;COLECALCIFEROL CAPS 5600IE;66;B;18;67
16725905;NORTRIPTYLINE T 25MG ;67;B;46;59
14182319;FOLIUMZUUR T 0,5MG ;68;B;34;70
15145255;ENALAPRIL T 20MG ;69;B;36;55
17091217;LEVO/CARBID TABL 100/25MG;70;B;63;53
17054729;VITAMINE D3 2800IE TABL AC;71;B;60;61
16628586;LISINOPRIL T 20MG ;72;B;70;89
14973227;GABAPENTINE C 300 MG ;73;B;104;134
16868587;HYDROCHLOORTH 25MG ;74;B;91;68
16054458;JARDIANCE TABL OMH 10MG;75;B;376;472
15932818;NA VALPROAAT CHRONO T 500 MG;76;B;397;65
15625575;LANOXIN T 0,0625MG ;77;B;105;76
15703746;PARACETAMOL T 1G ;78;B;103;44
14887495;NIFEDIPIN RET T 30MG;79;B;106;112
16868358;CLOZAPINE 100MG ;80;B;94;48
17083982;PREGABALINE CAPS 150MG;81;B;389;45
15085228;SERTRALINE T 50MG;82;B;97;117
13905384;MONO CED RET C 25MG ;83;B;92;79
16194012;LEVOTHYROXINE TABL 25MCG;84;B;374;54
15321525;RISPERIDON T 0,5 MG ;85;B;398;31
16537556;PERINDOPRIL T 8 MG ;86;B;395;16
16448502;XARELTO TABL OMH 15MG;87;B;394;441
14015951;AMITRIPTYLINE TABL 10MG;88;B;80;151
16731115;LISINOPRIL T 5MG ;89;B;375;118
16249887;ENTRESTO TABL OMH 24/26MG;90;B;367;439
16868331;CLOZAPINE T 25 MG;91;B;369;124
16580362;DESLORATADINE TABL 5MG ;92;B;387;140
17107644;THIAMINE HCL T 50MG ;93;B;120;12
16591917;LEVETIRACETAM T 250MG ;94;B;351;95
15244458;PAROXETINE T 20MG ;95;B;385;102
15759326;SOTALOL HCL TABL 80MG ;96;B;368;464
15553744;BISOPROLOL 5MG ;97;B;88;446
16222571;DEPAK CHRO MGA 500MG ;98;B;87;141
16591860;CITALOPRAM T 10MG;99;B;101;128
13909215;METOPROLOL T 50MG ;100;B;363;139
17160634;BACLOFEN TABL 10MG;101;B;86;108
16723686;CLOZAPINE TABL 6,25MG;102;B;356;470
14128314;HALOPERIDOL T 1MG ;103;B;118;153
16784898;METOPROLOL TABL 12,5MG;104;B;115;477
13295071;MONOCED RET C 50 MG ;105;B;93;149
15627241;PRAMIPEXOL T 0,088MG (0,125 MG BASE);106;B;78;138
16790154;METHADON T 5 MG;107;LKB;380;130
15145239;ENALAPRIL MAL T 5MG ;108;B;79;109
15022358;MIRTAZAPINE T 15 MG ;109;B;400;476
15616169;ALLOPURINOL T 300MG ;110;B;381;147
15290697;PRAVASTATINE T 40MG ;111;B;82;490
14933241;ALFACALCIDOL CAPS 0,25MCG;112;B;95;145
16903412;OXAZEPAM TABL 2,5MG;113;B;372;460
15522296;NITROFURAN MC C 50MG;114;B;359;99
16198581;METOPROLOL TART. TABL RET 200MG;115;B;112;481
16528484;TRAMADOL HCL C 50MG ;116;B;366;113
16745647;MEBEVERINE RET C MGA 200MG;117;B;75;92
15406148;LEVOD/BENSE C 62,5MG ;118;B;390;86
16012372;ESOMEPRAZOL C 20MG ;119;B;74;85
14127261;TOLBUTAMIDE TABL 500MG;120;B;371;106
15986195;BETMIGA TABLET MVA 50MG;121;B;77;435
15500373;BETAHISTINE TABL 16MG;122;B;160;104
16031946;THYRAX DUOTAB TABL 0,025MG;123;B;360;450
16601874;LAMOTRIGINE DISPERS T 25 MG ;124;B;90;479
15137953;AKINETON T 2MG ;125;B;96;137
15485145;LOSARTAN T 25 MG ;126;B;349;101
14182475;PROPRANOLOL T 10MG ;127;B;119;453
15814076;IRBESARTAN T 150 MG ;128;B;352;452
14638290;TEGRETOL CR TABL 200MG;129;B;341;432
16164512;LIXIANA TABL OMH 60MG;130;B;396;136
16725913;NORTRIPTYLINE T 50MG ;131;B;159;91
16723694;LITHIUMCARBONAAT CAPS 100M;132;B;110;495
14899574;METHYLFENIDAAT T 10MG;133;LKB;378;146
12309923;SINEMET T 125 MG ;134;B;386;434
15813827;OXYCODON T MVA 10MG ;135;LKB;388;131
14072734;VIT B COMPL FORT FC;136;B;379;483
15661431;BISOPROLOL TABL 1,25MG;137;B;76;471
16820053;SOLIFENACINE T 5 MG;138;B;370;431
15718743;OLANZAPINE T 5MG ;139;B;302;484
15321630;RISPERIDON T 1MG ;140;B;102;461
17142881;EPLERENON TABL OMH 25MG;141;B;350;482
15379485;BUMETANIDE T 2MG;142;B;107;491
15855619;TRAZODON TABL 50MG;143;B;274;289
16573706;CHOLECALCIFEROL 800IE;144;B;84;152
15854663;OXYCODON HCL TABL OMH 5MG;145;LKB;258;111
17126061;BARNIDIPINE HCL CAPS MGA 10MG;146;B;353;107
17404606;LORAZEPAM T 0,5 MG;147;B;377;119
14016966;TEMAZEPAM C 10MG ;148;B;73;132
16904001;ACECORT TABL 5MG ;149;B;113;449
15718735;OLANZAPINE T 2,5 MG;150;B;98;94
14057271;CALCI CHEW KT 500MG;151;B;194;122
17092744;LERCANIDIPINE T 10MG ;152;B;347;451
16316037;OXYCODON T MVA 5MG;153;LKB;364;103
16528514;VENLAFAXINE C MGA 75MG ;154;B;111;135
17386896;COLCHICINE T 0,5MG ;155;LKB;69;69
14003007;FOLIUMZUUR T 5MG ;156;B;357;475
17107598;THIAMINE HCL 25MG ;157;B;373;154
16743652;VITAMINE D 20 MCG;158;B;83;458
15478475;LEVOCETIRIZINE T 5MG ;159;B;399;454
15186288;PROMETHAZINE T 25MG ;160;B;393;133
16601904;LAMOTRIGINE DISPERS T 100 MG ;161;B;365;468
15917355;VITAMINE C TABL 500MG;162;B;391;93
17296064;DIAZEPAM T 5MG ;163;B;245;445
14846888;ZOPICLON T 7,5MG ;164;B;358;474
16592050;GABAPENTINE C 100 MG ;165;B;383;480
16224574;SEVELAMEER T 800;166;B;99;121
16723716;NATR BICARBON TABL 500MG;167;B;116;494
14017016;TEMAZEPAM C 20MG ;168;B;187;142
12145262;RIVOTRIL TABL 0,5MG;169;B;392;105
16604830;ROSUVASTATINE TABL OMH 40M;170;B;147;148
16601920;AMIODARON T 200MG ;171;B;382;115
15064573;FOSINOPRIL T 20MG ;172;B;355;116
16249895;ENTRESTO TABL OMH 49/51MG;173;B;117;466
15064565;FOSINOPRIL T 10MG ;174;B;184;96
14857766;LEVOD/CARBID RET T 100/25M;175;B;85;467
16194055;LEVOTHYROXINE TABL 100MCG;176;B;362;90
16164490;LIXIANA TABL OMH 30MG;177;B;108;462
16194039;LEVOTHYROXINE TABL 75MCG;178;B;176;493
15713407;PHITAL CRANBERRY + C TABL;179;B;318;120
13805509;PRIADEL 400MG ;180;B;89;448
12311790;MADOPAR C 62,5MG;181;B;109;433
13299727;MADOPAR HBS C 125MG ;182;B;239;473
16142691;PREGABALINE CAPS 25MG;183;B;348;129
14867184;CARBAMAZEPINE T 100MG;184;B;221;317
16353129;TRAM/PARA T 37,5/325MG ;185;B;306;114
17153859;SERTRALINE TABL OMH 100MG;186;B;301;440
17085829;DOXAZOSINE T RET 4MG ;187;B;340;447
16249909;ENTRESTO TABL OMH 97/103MG;188;B;275;488
15756351;QUETIAPINE RET T 50MG ;189;B;193;150
15356183;NIFEDIPIN RET T 60MG ;190;B;158;443
13895419;EUTHYROX TABL 100MCG;191;B;240;437
13895397;EUTHYROX TABL 25MCG;192;B;210;485
16194020;LEVOTHYROXINE TABL 50MCG;193;B;199;457
17176379;METHADON HCL TABL 20MG;194;LKB;236;429
15725006;TAMSULOSINE RET TABL 0,4MG;195;B;255;160
16786114;HYDROXYCHLOROQ T OMH 200MG;196;B;309;126
16920538;DUTASTERIDE/TAMSULOSINE  Caps 0.5/0.4 MG ;197;B;237;143
17144515;SITAGLIPTINE TABL OMH 100M;198;B;227;170
15002489;ZOLPIDEM T 10MG ;199;B;100;463
16812573;CREON CAPS 25000IE;200;B;384;438
15753603;CANDESARTAN T 8MG ;201;B;233;478
16602005;DULOXETINE CAPS MSR 30MG;202;B;213;100
15901580;MONTELUKAST T 10MG;203;B;292;144
15759393;FLUOXETINE C 20MG ;204;B;81;489
15718751;OLANZAPINE T 10MG ;205;B;136;469
15761835;ATORVASTATINE TABL OMH 80M;206;B;238;397
17404657;LORAZEPAM T 2,5MG;207;B;257;240
17404681;TICAGELOR TABL 90 MG ;208;B;209;492
16807812;MELATONINE 1 MG ;209;B;328;444
15814092;IRBESARTAN T 300MG ;210;B;133;487
16723651;QUETIAPINE TABL 12,5MG;211;B;268;98
16993314;TOLPERMYO TABL OMH 50MG;212;B;149;455
15835375;RABEPRAZOL T MSR 20MG ;213;B;326;456
15429962;SIMVASTATINE T 10 MG ;214;B;161;125
14877813;CLOMIPRAMI RET 75MG ;215;B;186;486
15500381;BETAHISTINE T 8MG;216;B;273;393
15553736;ATENOLOL T 50MG ;217;B;166;202
15741184;QUETIAPINE T 100MG ;218;B;134;123
15932796;NA VALPROAAT CHRONO T 300M;219;B;280;329
14880008;NAPROXEN T 250MG ;220;B;265;465
15290689;PRAVASTATINE T 20MG ;221;B;212;110
15917568;CANDESARTAN T 4MG ;222;B;225;436
15690504;CETIRIZINE T 10MG ;223;B;218;422
15753638;CANDESARTAN T 16 MG;224;B;215;38
17092760;NEBIVOLOL T 5MG;225;B;172;341
15857999;PERIN/INDAP.T 4MG/1.25MG ;226;B;232;196
16549538;VENLAFAXINE C RET 150MG ;227;B;127;459
15690539;LAMOTRIGINE DISPERS T 50 MG ;228;B;260;278
17126088;BARNIDIPINE HCL CAPS MGA 20MG;229;B;323;371
14880180;LOPERAMIDE C 2MG ;230;B;251;357
16785428;PIPAMPERON TABL 10MG;231;B;331;288
14155893;VERAPAM RET T 120MG ;232;B;339;88
16592468;GLIMEPIRIDE TABL 3MG;233;B;142;231
16591992;FINASTERIDE 5MG;234;B;178;173
17199832;DIAZEPAM T 10MG ;235;B;208;221
17199921;LACOSAMIDE T 50MG ;236;B;304;285
13597442;PROPRANOLOL T 40MG ;237;B;183;229
17175194;DOMPERIDON T 10MG ;238;B;253;248
14939460;SPIRONOLACTON T 50MG ;239;B;128;254
16022475;DIPIPERON T 40MG ;240;B;299;395
16820142;SOLIFENACINE T 10 MG;241;B;168;374
16534808;DUTASTERIDE CAPS 0,5MG;242;B;141;349
14159406;EUTHYROX T 75MCG;243;B;129;416
16222598;DEPAKINE CHRONO TABL 300MG;244;B;175;370
15751570;SULFASALAZINE T MSR 500MG;245;B;145;350
14211165;VIT B COMP TABL BRUIN;246;B;162;324
17262674;DABIGATRAN CAPS 110MG;247;B;170;127
14980630;MIRTAZAPINE T 30MG ;248;B;242;335
17249252;DIAZEPAM T 2MG ;249;B;234;331
15508684;TOPIRAMAAT T 25MG ;250;B;226;342
17171180;ACENOCOUMAROL TABL 1MG;251;B;288;359
17107660;THIAMINE HCL T 100MG ;252;B;314;385
16903633;HALOPERIDOL TABL 0,25MG;253;B;114;97
15406156;LEVOD/BENSER C 100/25MG ;254;B;361;87
13895400;EUTHYROX T 50MCG ;255;B;190;257
14035294;CINNARIZINE T 25MG ;256;B;156;258
15812871;ISOSO MON RET T 60MG ;257;B;294;224
14571013;METHOTREXAAT TABL 2,5MG;258;LKB;;
15397998;CALCI CHEW D3 KT 1G/800IE;259;B;;
13971824;CARBAMAZEPINE T 200MG ;260;B;164;272
16315286;SLOW K TABL MGA 600MG ;261;B;189;286
16894324;TENTIN TABL 5MG;262;LKB;167;188
16784790;GLYCOPYRRONIUMBROMIDE T 1M;263;B;148;179
17092752;LERCANIDIPINE TABL OMH 20M;264;B;310;284
15923770;ENALAPRIL/HCT T 20/12,5 MG;265;B;169;204
16549546;VENLAFAXINE RET  37,5MG ;266;B;152;205
14144808;FLUVOXAMINE T 50MG ;267;B;185;158
16181794;LISINOPRIL T 2,5 MG ;268;B;137;400
14345013;CARBAMAZEPINE RET 200MG ;269;B;249;391
16592018;TOLTERODINE RET. C 4MG ;270;B;267;315
15812820;ALPRAZOLAM T 0,5MG;271;B;284;306
14026961;MADOPAR DISP T 125MG ;272;B;295;394
16784715;BACLOFEN TABL 2,5MG;273;B;130;189
17274826;DAGRAVIT TOT 30 DRG ;274;B;135;241
13612948;PROPRANOL RET C 80MG ;275;B;269;328
15321657;RISPERIDON T 2MG ;276;B;231;379
15330036;CLOZAPINE TABL 200MG;277;B;324;171
15281825;PAROXETINE T 10MG ;278;B;200;182
15908623;ALFUZOSINE 10 MG RETARD ;279;B;143;303
16054466;JARDIANCE TABL OMH 25MG;280;B;266;250
17129966;GLUCIENT MVA 500MG ;281;B;262;336
14562553;FAMOTIDINE TABL 20MG;282;B;259;353
16190017;ESCITALOPRAM TABL OMH 10MG;283;B;224;271
17092728;ALENDRONINEZUUR 70 MG ;284;B;131;321
16666453;ARIPIPRAZOL TABL 10MG;285;B;277;354
16058542;DIPYRIDAMOL RET 200 MG;286;B;281;413
14338254;ATENOLOL T 25MG ;287;B;180;386
16266056;CAMCOLIT T 400MG;288;B;312;319
15772519;IRBESARTAN TABL OMH 75MG;289;B;338;424
15759296;CLOMIPRAMINE T 25MG;290;B;138;340
15732967;DOXAZOSINE T MGA 8MG ;291;B;296;276
14148404;MONO CED RET C 100MG ;292;B;165;337
17092809;PAROXETINE T 30MG ;293;B;335;203
16031954;THYRAX TABL  0,1 MG;294;B;192;414
14884704;OXYBUTYNINE T 2,5MG;295;B;214;396
13603957;INHIBIN DRG 100MG ;296;B;204;352
14626527;KEPPRA TABL OMH 500MG;297;B;217;190
15503674;METOPROLOL T 100MG;298;B;132;347
15950689;TELMISARTAN T 40 MG;299;B;250;281
15736113;VALSARTAN T 80MG ;300;B;342;235
12353930;CISORDINOL T 10MG;301;B;207;181
16792270;CITALOPRAM TABL OMH 30MG;302;B;196;358
16581288;IVABRADINE TABL 5 MG;303;B;252;283
14562588;FAMOTIDINE TABL 40MG;304;B;300;251
16753801;URSODEOXYCHOLZUUR T 300MG ;305;B;222;167
16591895;CITALOPRAM T 40MG ;306;B;319;299
17228581;QUETIAPINE RET T 200MG ;307;B;243;343
13489097;DIPHANTOIN-Z100 92MG ;308;B;343;305
17077079;CHLOORTALIDON 12,5 MG ;309;B;206;398
15107213;AZATHIOPRINE TABL 50MG;310;LKB;;
16787757;CARVEDILOL T 25MG ;311;B;303;326
16186052;ZOLPIDEM TABL OMH 5MG;312;B;321;263
16787684;CARVEDILOL T 6,25MG ;313;B;179;389
16929381;CINACALCET T 30 MG;314;B;289;255
15798402;AZITROMYCINE TABL OMH 250M;315;B;270;360
15758818;VALSARTAN TABL OMH 40MG;316;B;308;266
12353914;CISORDINOL T 2MG;317;B;287;418
15813835;OXYCODON T MGA 20MG ;318;LKB;282;296
15570789;LOSARTAN/HCT T 50/12,5MG ;319;B;173;318
15076598;TIZANIDINE HCL TABL 2MG;320;B;211;176
12514675;LIORESAL T 5MG ;321;B;272;442
17311446;MAGN GLUCON TABL 500MG;322;B;181;308
13549642;TEGRETOL TABL 200MG;323;B;203;264
13920677;OXAZEPAM 50 MG;324;B;174;402
14045710;CODEINEFOSFAAT T 20MG;325;B;139;178
16579224;BISOPROLOL T 10MG ;326;B;246;175
16220447;LEVOTHYROXINE NA TABL 88MCG;327;B;317;270
15736121;VALSARTAN T 160MG ;328;B;293;280
15466345;XARELTO TABLET OMH 10MG;329;B;202;223
17155827;OLMESARTAN TABL OMH 20MG;330;B;279;291
16595246;EZETIMIBE/SIMVAST T 10/40M;331;B;256;162
16903609;LORAZEPAM TABL 0,25MG;332;B;241;166
16189272;TRACYDAL TABL OMH 20MG;333;B;345;332
14128470;DICLOFENAC MSR 50MG ;334;B;155;209
16785010;MIRTAZAPINE T 3,75MG ;335;B;337;199
16872800;BUPROPION T MGA 150MG;336;B;198;192
12834939;DEPAKINE EC TABL 500MG;337;B;228;168
14973235;GABAPENTINE CAPS 400MG;338;B;157;232
14064472;NATR BICARBON CAPS 500MG;339;B;WIS;WIS
12834858;MADOPAR TABL 250MG;340;B;254;309
14158868;ISOSO DIN RET T 20MG ;341;B;WIS;311
15950700;TELMISARTAN T 80 MG;342;B;188;177
15407675;TRANXENE C 5 MG;343;B;330;302
16723708;LITHIUMCARBONAAT CAPS 150M;344;B;263;211
17007909;LISIN/HCT T 20/12,5 MG ;345;B;316;228
15522202;NA VALPR T MSR 300MG ;346;B;271;269
14744295;FLUOXETINE DISP TABL 20MG;347;B;332;265
17265835;DABIGATRAN CAPS 150MG;348;B;325;197
14035502;BISACODYL DRG 5MG ;349;B;154;195
14916177;CARVEDILOL T 3,125MG;350;B;WIS;300
16194063;LEVOTHYROXINE TABL 125MCG;351;B;291;346
15979229;FLUANXOL D 1MG ;352;B;WIS;WIS
16088778;NAPROXEN TABL 500MG;353;B;336;426
14002574;CAMPRAL T 333MG;354;B;197;247
14051966;CLONIDINE T 0,025MG ;355;B;313;159
13895427;EUTHYROX TABL 125MCG;356;B;329;334
16030931;OMEPRAZOL C MSR 10MG ;357;B;163;225
16305639;METHYLFENIDAAT TABL 5MG;358;LKB;264;380
15756424;QUETIAPINE RET T 300MG;359;B;261;183
14872943;RAMIPRIL T 5MG ;360;B;151;191
15994562;DILTIAZEM RET C 200MG ;361;B;219;246
17144493;SITAGLIPTINE TABL OMH 50MG;362;B;334;430
16807987;MELATONINE T 3MG ;363;B;322;233
17388481;DULOXETINE CAPS MSR 60MG;364;B;244;273
15522415;NA VALPROAAT TABL MSR 150M;365;B;WIS;304
16281098;PLAQUENIL T 200MG ;366;B;WIS;344
15457540;VIMPAT T 50 MG;367;B;140;310
14074222;MORFIN RET T 10MG ;368;LKB;220;407
16008146;ESCITALOPRAM TABL OMH 20MG;369;B;327;218
16222601;ARTANE T 2MG ;370;B;WIS;220
17286085;CLOBAZAM TABL 10MG;371;B;WIS;312
16787714;CARVEDILOL 12,5MG ;372;B;276;313
15996972;CELECOXIB C 100MG;373;B;177;322
14929589;OXYBUTYNINE T 5MG;374;B;195;186
15944441;IRB/HCT T 300/12.5MG ;375;B;285;260
17388406;SOLIFENACINE/TAMSULOSINE TABL MGA 6/0,4MG;376;B;283;409
12145270;RIVOTRIL TABL 2MG;377;B;WIS;361
15346927;GALVUS TABL 50MG;378;B;WIS;217
13908960;ATENOLOL T 100MG ;379;B;247;161
16785444;THIAMAZOL TABL 5MG;380;B;290;365
15651428;LETROZOL TABL OMH 2,5MG;381;B;235;261
15854620;ENTACAPONE TABL 200MG ;382;B;153;213
16592026;GABAPENTINE T 600MG ;383;B;229;239
16190300;ARIPIPRAZOL TABL 5MG;384;B;150;249
15457370;EUTHYROX TABL 88MCG;385;B;307;194
14066718;TRIMETHOPRIM 100MG ;386;B;297;180
15107132;METOPROLOL/HCT 95/12,5;387;B;333;325
16812581;CREON CAPSULE 150 (10000);388;B;305;212
17171075;TAPENTADOL T RET 50MG;389;LKB;WIS;198
14045699;CODEINEFOSFAAT TABL 10MG;390;B;320;227
16924037;AKTIPROL  TABL 100 MG;391;B;144;368
15868885;LAMOTRIGINE DISP TABL 200MG;392;B;191;236
14144816;FLUVOXAMINE MAL TABL 100MG;393;B;205;295
14324458;ORAP T 1MG;394;B;WIS;242
14303019;TAMOXIFEN T 20MG ;395;B;315;193
14155907;VERAPAM RET T 240MG ;396;B;WIS;259
15450376;MESTINON D 60MG ;397;B;298;187
14611198;NEXIUM TABL MSR 20MG;398;B;WIS;376
15679691;OLANZAPINE TABL OMH 20MG;399;B;WIS;293
16142705;PREGABALINE CAPS 300MG;400;B;182;301
17063620;METFORMINE TABL MVA 1000MG;401;B;146;378
16644883;NEBIVOLOL  TAB 2,5MG nu aurobindo;402;B;278;297
17171237;LITHIUM CARB T 300MG ;403;B;WIS;333
16031938;STRUMAZOL T 10MG ;404;B;WIS;411
15196437;VERAPAMIL D 40MG ;405;B;WIS;279
15837998;MORFINESULFAAT TABL 10MG;406;LKB;WIS;375
16840933;SILODOSINE CAPS 8MG;407;B;WIS;412
16220420;LEVOTHYROXINE NA TABL 112MCG;408;B;WIS;428
13766813;FENOBARBITAL 25MG ;409;B;WIS;WIS
17195306;METHADON TABL 10MG;410;LKB;WIS;373
16107144;OXYCODON HCL C 10 MG;411;LKB;WIS;316
15457389;EUTHYROX TABL 112MCG;412;B;WIS;222
14023008;BROMAZEPAM T 3MG ;413;B;WIS;201
17064198;DOXYCYCLINE DISP TABL 100MG;414;B;WIS;274
15711528;TRAJENTA TABL 5MG;415;B;WIS;290
15376443;MEZAVANT TABL MVA 1200MG;416;B;WIS;404
16666461;ARIPIPRAZOL TABL 15MG;417;B;WIS;298
17029635;NATRIUMCHLORIDE CAPS 500MG;418;B;286;425
15300986;RISPERIDON TABL OMH 3MG;419;B;WIS;165
15584070;ANASTROZOL T 1MG ;420;B;WIS;419
14763443;DAVITAMON COMPLEET DRG ;421;B;WIS;237
16856279;TRAMADOL RET T 100MG;422;B;WIS;230
14806444;LORATADIN TABL 10MG;423;B;WIS;200
15379493;BUMETANIDE T 5MG ;424;B;WIS;421
13676067;ISOPTIN SR TABL MGA 120MG;425;B;WIS;387
14933268;ALFACALCID C 1MCG;426;B;WIS;WIS
14930544;PRAVASTATINE T 10MG ;427;B;WIS;268
13903748;IKOREL TABL 10MG;428;B;;
15839591;FLECAINIDE CR C 100MG ;429;B;WIS;330
15917525;CANDESARTAN CILEX TABL 32M;430;B;WIS;351
16022564;ORAP 4 MG;431;B;WIS;277
15522458;PREDNISON TABL 5MG;432;B;WIS;210
16947878;LORMETAZEPAM Prolepha T 1MG ;433;B;248;405
15611663;MYCOFENOLAAT MOFET TABL 500MG;434;LKB;;
16644328;IVABRADINE TABL OMH 7,5MG;435;B;WIS;348
16064437;PRAMIPEXOL RET T 0,375MG;436;B;WIS;392
16601831;RAMIPRIL T 10MG ;437;B;WIS;403
16194071;LEVOTHYROXINE TABL 150MCG;438;B;WIS;338
15743551;MESALAZIN EC TABL MSR 500M;439;B;WIS;238
15239004;OXCARBAZEPINE T 300 MG;440;B;WIS;356
15832392;TOPIRAMAAT TABL OMH 50MG;441;B;WIS;417
15337065;FEXOFENADINE TABL OMH 180M;442;B;WIS;420
15679667;OLANZAPINE TABL OMH 15MG;443;B;WIS;185
15508692;TOPIRAMAAT T 100MG ;444;B;WIS;234
14168669;XANAX RET T 0.5MG ;445;B;WIS;292
14872935;RAMIPRIL T 2,5MG;446;B;WIS;275
17135281;SITAGLIPTINE/METFORMINE TABL 50/1000MG;447;B;;
14217945;CHLOORTALIDON T 25MG;448;B;WIS;408
16807995;MELATONINE T 5MG ;449;B;WIS;339
15997006;CELECOXIB C 200MG ;450;B;WIS;363
17091233;LEVO/CARBID TABL 250/25MG;451;B;WIS;174
16792297;LISINOPRIL TABL 30MG;452;B;WIS;WIS
14626519;KEPPRA T 250MG;453;B;WIS;323
16881281;MIRTAZAPINE T 45MG ;454;B;WIS;372
12303763;SINEMET 275 TABL 250/25MG;455;B;WIS;252
14611163;NEXIUM TABL MSR 40MG;456;B;WIS;156
15592243;ETHINYL/LEVON T 0,03/0,15 MG;457;B;WIS;366
17271045;RIVAROXABAN TABL 2,5MG;458;B;WIS;208
15655008;NA-RISEDRONAAT WEKELIJKS 35MG;459;B;WIS;243
13730843;HYDROXYZINI T 25MG ;460;B;WIS;406
15944425;IRBESARTAN/HCT TABL 150/12.5 ;461;B;WIS;206
13549650;SYMMETREL CAPS 100MG ;462;B;WIS;245
15917541;CANDESARTAN/HCT T 16/12,5M;463;B;;
15416437;ROPINIROL TABL OMH 0,5MG;464;B;WIS;WIS
16251474;ENTOCORT CAPS MGA 3MG;465;B;WIS;287
17299284;ARIPIPRAZOL TABL 2,5MG;466;B;WIS;207
16311051;ETORICOXIB TABL OMH 60MG;467;B;WIS;262
13627821;LASIX TABL 500MG;468;B;WIS;399
17017114;KALIUMCITRAAT CAPS 500MG;469;B;171;314
15719138;ROPINIROL  TABL RET 2MG;470;B;WIS;184
16723678;QUETIAPINE TABL 6,25MG;471;B;WIS;216
15141314;FERROFUMARAAT T OMH 100MG;472;B;WIS;384
15457397;EUTHYROX TABL 137MCG;473;B;WIS;388
16255429;INDAPAMIDE DRAG 2,5MG;474;B;;
14028972;TEMAZEPAM T 10MG ;475;B;WIS;282
15706699;LEVETIRACET TABL OMH 1000M;476;B;WIS;383
16592417;GLIMEPIRIDE TABL 1MG;477;B;WIS;157
15598578;METOCLOPRAMID T 10MG;478;B;WIS;423
15196445;VERAPAMIL T 80MG ;479;B;WIS;WIS
15907449;DIVISUN T 800IE ;480;B;WIS;244
17157102;LABETALOL T 200 MG ;481;B;WIS;355
16595211;EZETIMIBE/SIMVAST T 10/20M;482;B;WIS;320
13549634;TEGRETOL TABL 100MG;483;B;WIS;215
15990338;FORXIGA TABL OMH 5MG;484;B;WIS;226
14191032;MODALIM TABL 100MG;485;B;WIS;377
14040611;NIFEDIPINE CAPS 5MG;486;B;;
15724344;LOSARTAN/HCT TAB 100/12,5M;487;B;;
15950662;TELMISARTAN TABL 20MG;488;B;WIS;256
15450384;MESTINON D 10MG ;489;B;WIS;WIS
14127326;TOLBUTAMIDE TABL 1000MG;490;B;WIS;169
15662896;VENLAFAXINE TABL MVA 225MG;491;B;;
15744485;GALANTAMINE C 24MG RET;492;B;WIS;362
16947924;LORMETAZEPAM TABL 2MG;493;B;WIS;401
13766848;FENOBARBITAL T 50MG ;494;B;WIS;415
15772659;QUETIAPINE T 200MG ;495;B;WIS;367
17068878;DYAZIDE TABL 25/50MG;496;B;WIS;WIS
17135303;SITAGLIPTINE/METFORMINE TABL 50/850MG;497;B;WIS;WIS
16605713;LEVOD/CARBI TABL 50 / 12,5MG;498;B;311;294
17196760;COLECALCIFEROL CAPS 25000I;499;B;WIS;WIS
16230612;BRIVIACT TABL OMH 50MG;500;B;WIS;267
12834262;DEPAKINE EC TABL 300MG;501;B;WIS;345
16840925;SILODOSINE CAPS 4MG;502;B;WIS;364
16107160;OXYCODON C 5MG ;503;LKB;WIS;WIS
16054881;EPLERENON TABL OMH 50MG;504;B;WIS;427
17103916;DARIFENACINE TABL MVA 7,5MG;505;B;WIS;219
15702936;ALFUZOSINE TABL 2,5MG;506;LK;WIS;WIS
16592425;GLIMEPIRIDE TABL 2MG;507;LK;WIS;382
15271323;PANADOL ARTROSE TABL OMH 1;508;LK;WIS;
15690687;RIVASTIGMINE C 1,5MG ;509;B;WIS;WIS
15206300;BUSPIRON HCL TABL 10MG;510;;WIS;WIS
16924053;AKTIPROL TABL 400 MG;511;LK;WIS;WIS
14188228;DILTIAZEM MGA 120MG ;512;B;WIS;163
17155835;OLMESARTAN TABL OMH 40MG;513;LK;WIS;WIS
14028980;TEMAZEPAM TABL 20MG;514;LK;;
17103940;DARIFENACINE TABL MVA 15MG;515;LK;WIS;WIS
15379612;LANSOPRAZOL CAPS MSR 30MG;516;LK;WIS;WIS
16753828;URSODEOXYCHOLZUUR TABL 450MG;517;B;WIS;WIS
13889176;DORMICUM T 7,5MG ;518;LK;;
17160626;BACLOFEN TABL 25MG;519;LK;;
14317931;ETALPHA CAPS 0,5MCG;520;LK;WIS;WIS
12822329;NOZINAN TABL 25MG;521;LK;;
15970310;DEVARON 400IE ;522;LK;;
15092461;FERO GRADUMET MGA 105MG ;523;LK;WIS;WIS
15362647;ANDROCUR TABL 50MG;524;LK;;
15835367;RABEPRAZOL TABL MSR 10MG;525;LK;;
14051397;HALOPERIDOL T 5MG ;526;LK;WIS;WIS
15457117;VALACICLOVIR TABL 500MG;527;B;223;164
13488910;DIPHANTOINE-Z50 46MG ;528;LK;WIS;WIS
17208912;VILDAGLIPTIN/METFO TABL OMH 50/1000MG;529;LK;WIS;WIS
17029392;HYDROCORTISON TABL 2,5MG;530;B;WIS;327
15944476;IRBESARTAN/HCT T 300/25MG;531;LK;WIS;WIS
14204193;DILTIAZEM MGA 90MG ;532;LK;WIS;WIS
15993213;QUETIAPINE RET TABL 150MG;533;LK;WIS;WIS
16785452;BIPERIDEEN HCL TABL 1MG;534;LK;;
16237773;FLECAINIDE TABL 100MG ;535;LK;;
15979245;FLUANXOL TABL OMH 5MG;536;LK;;
14191458;LOSEC MUPS T 20MG;537;LK;WIS;WIS
16784782;BUMETANIDE TABL 0,25MG;538;B;346;381
14298872;SIFROL TABL 0,125MG (0,088);539;LK;WIS;WIS
16031962;THYRAX DUOTAB TABL 0,150MG;540;LK;;
15587746;RASILEZ TABL OMH 150MG;541;LK;;
15450805;FLECAINIDE T 50MG;542;LK;WIS;WIS
15969983;CLINDAMYCINE CAPS 300MG;543;LK;WIS;369
15838145;ESCITALOPRAM TABL OMH 15MG;544;LK;;
17157080;LABETALOL HCL TABL 100MG;545;LK;;
15719146;ROPINIROL RET TABL 4MG;546;LK;WIS;WIS
14145944;COTRIMOXAZOL TABL 480MG;547;B;216;410
16026675;OXYCODON HCL RET T MGA 30MG;548;LKB;WIS;WIS
15854671;OXYCODON HCL TABL OMH 10MG;549;LKB;WIS;WIS
15690709;RIVASTIGMINE CAPS 3MG;550;LK;;
15838242;ESCITALOPRAM TABL OMH 5MG;551;LK;;
15407659;TRANXENE C 10MG;552;LK;;
17155819;OLMESARTAN TABL OMH 10MG;553;LK;;
17331633;DESMOPRESSIN ACET T 0,1MG;554;LK;WIS;WIS
14930447;TAVEGYL TABL 1MG;555;LK;;
13889184;DORMICUM TABL 15MG;556;LK;WIS;WIS
15373371;FLUVASTATINE C 40MG ;557;LK;;
15546683;GLIMEPIRIDE 6 MG ;558;B;WIS;WIS
15515680;LOSARTAN/HCT T 100/25MG;559;LK;WIS;WIS
13676083;ISOPTIN SR TABL MGA 180MG;560;LK;;
15376230;STALEVO T OH 200/50/200MG;561;LK;;
14303868;SEROQUEL T 25MG ;562;LK;;
15841634;TOLTERODINE TABL OMH 2MG;563;LK;;
15741222;QUETIAPINE TABL OMH 300MG;564;LK;;
16164776;CONSTELLA CAPS 290MCG;565;LK;;
16026659;OXYCODON HCL RET T MGA 15M;566;LKB;;
15744450;GALANTAMINE RET CAPS 16MG;567;LK;;
16738993;PRASUGREL OMH TABL 10MG;568;LK;;
15759369;CLOMIPRAMINE T 10MG;569;LK;;
15994570;DILTIAZEM SR 300MG ;570;LK;WIS;WIS
15817466;MELOXICAM T 7,5MG ;571;LK;WIS;WIS
15107191;AZATHIOPRINE TABL 25MG;572;LKB;;
17213541;QUETIAPINE RET T MVA 400MG;573;LK;;
13609750;SEROXAT TABL OMH 20MG;574;LK;;
16592476;GLIMEPIRIDE 4MG ;575;LK;WIS;WIS
17088151;FESOTERODINE TABL MVA 4MG;576;LK;;
13132318;TRENTAL TABL MGA 400MG;577;LK;;
14297442;PIRACETAM TABL 800MG;578;LK;;
14984946;SPIRONOLACTON TABL 100MG;579;LK;;
14678551;TOPAMAX TABL OMH 100MG;580;LK;;
13895435;EUTHYROX TABL 150MCG;581;LK;WIS;WIS
16827597;TRAMADOL HCL RET CAPS 50MG;582;LK;;
16012437;FELODIPINE RET TABL 5MG;583;LK;;
16802616;PRIMIDON TABL 25MG;584;LK;;
15336344;BICALUTAMIDE T 50 MG ;585;LK;;
15910504;XIFAXAN TABL OMH 550MG;586;LK;WIS;WIS
15744426;GALANTAMINE RET CAPS 8MG;587;LK;;
13681176;PLENDIL TABL MVA 2,5MG;588;LK;;
14019558;ASACOL TABL MSR 800MG;589;LK;;
17088135;FESOTERODINE TABL MVA 8MG;590;LK;;
14638304;TEGRETOL CR TABL 400MG;591;LK;;
15758133;ADVAGRAFT CAPS MVA 1MG;592;LKB;;
14345021;CARBAMAZEPINE RET 400MG;593;LK;WIS;WIS
16230604;BRIVIACT TABL OMH 25MG;594;LK;;
15527166;PREDNISOLON TABL 20MG;595;LK;;
15813770;RAMIPRIL T 1,25MG ;596;LK;;
15373347;FLUVASTATINE CAPS 20MG;597;LK;;
15408876;LAMICTAL DISP KAUW T 100MG;598;LK;;
16903617;LEVOMEPROMAZINE TABL 6,25MG;599;LK;;
15838250;TOLTERODINE RET CAPS 2MG;600;LK;;
15196496;VERAPAMIL TABL OMH 120MG;601;LK;;
14051850;COTRIMOXAZOL TABL 960MG;602;LK;;
15061604;NALTREXON HCL TABL OMH 50M;603;LK;;
15563332;SALOFALK TABL MSR 500MG;604;LK;;
15736148;VALSARTAN TABL OMH 320MG;605;LK;;
17017106;CALCIUM CARB. TABL 500MG;606;LK;WIS;WIS
14879794;CIMETIDINE TABL 400MG;607;LK;;
14128268;FLURAZEPAM CAPS 30MG;608;LK;;
15824772;OXYCODON HCL TABL MVA 40MG;609;LKB;;
16302486;PROMOCARD DUR TABL MGA 60M;610;LK;;
15736253;DILTIAZEM RET C MGA 180MG;611;LK;;
14053098;PYRIDOXINE TABL 50MG;612;LK;;
15379604;LANSOPRAZOL CAPS MSR 15MG;613;LK;;
15759539;OXCARBAZEPIN TABL OMH 600M;614;LK;;
14779684;TRUXAL TABL OMH 15MG;615;LK;;
14309599;DILTIAZEM T 60MG;616;LK;;
14816229;CONCERTA TABL MVA 36MG;617;LKB;;
13722115;DOGMATIL CAPS 50MG;618;LK;;
16194098;LEVOTHYROXINE TABL 175MCG;619;LK;;
16311043;ETORICOXIB TABL OMH 30MG;620;LK;;
15301044;RISPERIDON TABL OMH 4MG;621;LK;;
14051893;CLONIDINE TABL 0,150MG;622;LK;;
14128209;FLURAZEPAM CAPS 15MG;623;LK;;
15592901;ROTER VIT C TABL 70MG CITR;624;LK;;
17404665;TICAGELOR TABL 60MG;625;LK;;
13489062;DIPHANTOINE-Z75 69MG ;626;LK;;
12112410;DANTRIUM CAPSULE 25 MG.;627;LK;;
14036878;PROGRAFT CAPS 1 MG;628;LKB;;
15101762;TRILEPTAL TABL OMH 300MG;629;LK;;
16350847;URSODEOXYCHOLZUUR C 250MG;630;LK;;
14711559;EUTHYROX TABL 200MCG;631;LK;;
15299554;CIRCADIN TABL MVA 2MG;632;LK;;
14858290;CONCERTA TABL MVA 54MG;633;LKB;;
14217716;NOVONORM TABL 2MG;634;LK;;
17279232;SITAGLIPTINE TABL OMH 25MG;635;LK;WIS;WIS
15458873;STALEVO T OH 150/37,5/200M;636;LK;;
16751310;FEBUXOSTAT TABL OMH 80MG;637;LK;;
16988434;COMTAN TABL 200MG;638;LK;;
16311078;ETORICOXIB TABL OMH 90MG;639;LK;WIS;WIS
15839575;FLECAINIDE RET CAPS 150MG;640;LK;WIS;WIS
15019071;LAMOTRIGINE DISP TABL 5MG;641;LK;;
15218414;NEURONTIN TABL OMH 600MG;642;LK;;
15356051;RENAGEL TABL OMH 800MG;643;LK;;
15994848;TELMISARTAN/HCT T 80/12,5M;644;LK;;
15231232;WELLBUTRIN XR T MGA 300MG;645;LK;;
14074249;MORFINE RETARD TAB MGA 30M;646;LKB;;
15798410;AZITROMYCINE TABL OMH 500M;647;LK;;
15834360;BUDENOFALK CAPS MSR 3MG;648;LK;;
16814010;AMILORIDE TABL 5MG;649;LK;;
16318110;SILDENAFIL TABL OMH 20MG;650;LK;;
15342751;CONCERTA TABL MVA 27MG;651;LKB;;
16374347;ENTECAVIR TABL OMH 0,5MG;652;LK;;
15458865;STALEVO T 100MG/25MG/200MG;653;LK;;
15570878;IBUPROFEN TABL 200MG;654;LK;;
14711540;EUTHYROX TABL 175MCG;655;LK;;
16529367;GABAPENTINE TABL OMH 800MG;656;LK;WIS;WIS
16835859;Amlodipine/Valsartan HCT TAB 10/320/25MG;657;LK;;
16947541;Olmesartan/amlo/HCT T 20/5/12,5MG;658;LK;;
14207044;PENTASA TABL MVA 500MG;659;LK;;
15416445;ROPINIROL TABL OMH 1MG;660;LK;;
14868075;FELODIPINE RET TABL 10MG;661;LK;;
17065895;REFUSAL TABL 250MG;662;LK;;
14052423;DEXAMETHASON TABL 0,5MG;663;LK;;
15759377;CAPTOPRIL T 25MG ;664;LK;;
15944387;VALSARTAN/HCT 160/12.5 MG;665;LK;;
15638715;LEFLUNOMIDE TABL OMH 10MG;666;LK;;
14311674;ACETYLSAL NEUR 30MG ;667;LK;;
15758141;ADVAGRAFT CAPS MVA 3MG;668;LKB;;
16787560;BUPREN/NALOX TABL 2/0,5MG;669;LKB;;
16319710;TRANEXAMINEZUUR TABL  500MG;670;LK;WIS;WIS
15145263;ENALAPRIL MAL TABL 40MG;671;LK;;
16276027;METHADON TABL 2MG;672;LKB;;
16260236;ZONISAMIDE CAPS 100MG;673;LK;;
12155624;VALDISPERT DRAG 45 MG;674;LK;WIS;WIS
12137421;NORTRILEN TABL 25 MG;675;B;;
16259505;TOLPERMYO TABL OMH 150MG;676;LK;;
15816915;MODAFINIL TABL 100MG;677;LK;;
15698084;RIVASTIGMINE CAPS 4,5MG;678;LK;;
14857774;LEVOD/CARBID RET T 200/50MG;679;LK;WIS;WIS
14191490;LOSEC MUPS TABL MSR 40MG;680;LK;;
15416453;ROPINIROL TABL OMH 2MG;681;LK;;
15337057;FEXOFENADINE TABL OMH 120M;682;LK;;
16346874;Amlodipine/Valsartan TABL OMH 5/80MG;683;LK;;
12138738;ORGAMETRIL TABL 5MG;684;LK;;
15690571;ZOFENOPRILCALC TABL OH 30M;685;LK;;
16904052;FLUDRACE 62,5 UG;686;LK;;
15196666;RAMIPRIL/HYDROCHL  T 5/25M;687;LK;;
14880059;NIFEDIPIN RET T 20MG;688;LK;;
16924029;AKTIPROL  TABL 50 MG;689;LK;;
15812812;ALPRAZOLAM T 0,25MG ;690;B;201;214
16346890;Amlodipine/Valsartan TABL OMH 10/160MG;691;LK;;
15044343;DESMOPRESSIN ACET T 0,2MG;692;LK;;
15839583;FLECAINIDE RET CAPS 200MG;693;LK;;
15638723;LEFLUNOMIDE TABL OMH 20MG;694;LK;;
14148420;MIZOLLEN TABL MGA 10MG;695;LK;;
16781961;PALIPERIDON RET 3 MG ;696;LK;;
14910608;PALLADON SR CAPS MGA 4MG;697;LKB;;
17056454;PERINDOP/AMLODIP T 10/5MG;698;LK;;
15858995;SIMVASTATINE TABL OMH 80MG;699;LK;;
14779692;TRUXAL TABL OMH 50MG;700;LK;;
15704858;PERINDOPR/INDAP T 8/2,5MG;701;LK;;
14975149;CRESTOR T 5MG;702;LK;;
16872762;CINACALCET TABL  60MG;703;LK;;
14795418;DIAMOX T 250MG;704;LK;;
16031857;STRUMAZOL TABL 30MG;705;LK;;
16666488;ARIPIPRAZOL TABL 30MG;706;LK;;
15278565;METOPROLOL SUC. TABL RET 200MG;707;LK;;
16230620;BRIVIACT TABL OMH 75MG;708;LK;;
13491539;DIPHANTOINE-Z 25 TABL 23 MG;709;LK;;
15380386;ETHYMAL CAPS 250MG;710;LK;;
16052854;LEV/CARB/ENT 150/37,5/200M;711;LK;;
16785398;PERFENAZINE TABL 2MG;712;LK;;
14557304;PROGRAFT CAPS 0,5 MG;713;LKB;;
15587754;RASILEZ TABL OMH 300MG;714;LK;;
15719154;ROPINIROL RET TABL MGA 8MG;715;LK;;
15200140;TRAMADOL HCL RET TABL 150M;716;LK;;
15407667;TRANXENE TABL 20MG;717;LK;;
15448045;FLUVASTATINE TABL MVA 80MG;718;LK;;
16969839;PERINDOPRIL/AMLOD T 8/10MG;719;LK;;
15817474;MELOXICAM TABL 15MG;720;LK;;
17084229;MULTIVITAMINE DIANET CAPSU;721;LK;;
16330552;MYSOLINE TABL 250MG;722;LK;;
14708175;NORFLOXACINE TABL 400MG;723;LK;;
15839567;FLECAINIDE RET CAPS 50MG;724;LK;;
15499162;FOSINOPRIL/HCT T 20/12,5 MG;725;LK;;
15736288;DILTIAZEM RET C MGA 240MG;726;LK;;
16065506;BRINTELLIX TABL OMH 5MG;727;LK;;
14040638;NIFEDIPINE CAPS 10MG;728;LK;;
14224909;NITRAZEPAM T 5MG;729;LK;WIS;WIS
16781988;PALIPERIDON RET 6 MG ;730;LK;;
15553698;PENTASA TABL MVA 1G;731;LK;;
15963535;PREDNISOLON TABL 2MG;732;LK;;
15768996;PROPYLTHIOURACIL TABL 50MG;733;LKB;;
15822745;RILUZOL TABL OMH 50MG;734;LK;;
14303892;SEROQUEL TABL OMH 100MG;735;LK;;
15200159;TRAMADOL HCL RET TABL 200M;736;LK;;
15408892;LAMICTAL DISP KAUW T 200MG;737;LK;;
15401936;BEZALIP RET TABL 400MG;738;LK;;
15690733;RIVASTIGMINE CAPS 6MG;739;LK;;
15507254;SIFROL TABL MVA 0,375MG;740;LK;;
15930483;URSOFALK TABL OMH 500MG;741;LK;;
16346882;Amlodipine/Valsartan TABL OMH 5/160MG;742;LK;;
15155838;CIPROFLOXACINE TABL 250MG;743;LK;;
16222628;ARTANE TABL 5MG;744;LK;;
15568660;PREDNISOLON TABL 30MG;745;LK;;
16195477;FENPROCOUMON TABL 3MG;746;LK;;
12353957;CISORDINOL TABL 25MG;747;LK;;
16787862;ZOPICLON TABL OMH 3,75MG;748;LK;;
15603911;PRAMIPEXOL TABL 1MG;749;LK;;
17187915;FLUDRACE TABL 31,25 MCG;750;LK;;
16777212;AGOMELATINE TABL 25MG;751;LK;;
15330141;COVERSYL TABL OMH 5MG;752;LK;;
13866702;DICLOFENAC TABL RET 100MG;753;LK;;
14293013;DICLOFENAC 25MG PCH ;754;LK;WIS;WIS
12564214;LENDORMIN TABL 0,25MG;755;LK;;
15196798;MOCLOBEMIDE TABL OMH 150MG;756;LK;;
14910705;MS CONTIN TABL MGA 15MG;757;LKB;;
14084430;NEORAL CAPS 25MG;758;LKB;;
16636058;Olmesartan/Amlodipine TABL OMH 20/5MG;759;LK;;
16078578;PRAMIPEXOL RET TABL 1,5MG;760;LK;;
16739000;PRASUGREL OMH TABL 5MG;761;LK;;
16302745;PROMOCARD DUR T MGA 120MG;762;LK;;
15841626;TOLTERODINE TABL 1MG;763;LK;;
16521196;URISPAS TABL OMH 200MG;764;LK;;
14168677;XANAX RET TABL MGA 1MG;765;LK;;
14818833;RIFAMPICINE CAPS 300MG;766;LK;;
16730801;ACEMAP TABL 20MG;767;LK;;
16857321;METHYLFENIDAAT RET T 54MG;768;LKB;;
15857980;PERINDOPR/INDAP T 2/0,625M;769;LK;;
17298261;ARIPIPRAZOL TABL 1MG;770;LK;;
13813161;ARTHROTEC TABL MGA 50MG;771;LK;;
15931846;BUSCOPAN OMH TABL 10MG;772;LK;;
15330176;COVERSYL PLUS ARG 5MG/1.25MG;773;LK;;
14630109;KESTINE TABL 10MG;774;LK;;
15603903;PRAMIPEXOL TABL 0,5MG;775;LK;;
15477746;STALEVO TAB 125/31,25/200M;776;LK;;
17196787;COLECALCIFEROL CAPS 50000IE;777;LK;;
16857291;METHYLFENIDAAT RET T 18MG;778;LKB;;
14719398;CELIPROLOL HCL TABL 200MG;779;LK;;
15155854;CIPROFLOXACINE TABL 750MG;780;LK;;
16835875;Amlodipine/Valsartan/HCT T 10/160/12,5M;781;LK;;
15336352;BICALUTAMIDE TABL OMH 150M;782;LK;;
16787587;BUPREN/NALOX TABL 8/2MG;783;LKB;;
14816210;CONCERTA TABL MVA 18MG;784;LKB;;
16790065;EMTR/TENO. DIS TABL 200/245MG;785;LK;;
12335401;FRISIUM TABL 20MG;786;LK;;
12521868;LASIX RETARD CAPS 60MG;787;LK;;
16052811;LEV/CARB/ENTA 200/50/200MG;788;LK;;
16939123;UBRETID TABL 5MG;789;LK;;
14896257;DEXAMETHASON TABL 4MG;790;LK;;
14940779;APROVEL TABL OMH 300MG;791;LK;;
14656205;ATENOL/CHLOORT T 50/12,5MG;792;LK;;
16065514;BRINTELLIX TABL OMH 10MG;793;LK;;
14992116;MOXONIDINE TABL 0,4MG;794;LK;;
14218569;OSTAC TABL 520MG;795;LK;;
15994856;TELMISARTAN/HCT T 80/25MG;796;LK;;
16636074;Olmesartan/Amlodipine TABL OMH 40/5MG;797;LK;;
15862887;MYCOFENOLAAT MOFET TABL 250MG;798;LKB;;
16857313;METHYLFENIDAAT RET T 27MG;799;LKB;;
16272633;FRISIUM TABL 10MG;800;LK;;
14949318;FLUCONAZOL CAPS 50MG;801;LK;;
14211181;GUTRON TABL 5MG;802;LK;;
16078586;PRAMIPEXOL RET TABL 2,25MG;803;LK;;
16960823;ACICLOVIR TABL 200MG;804;LK;;
15758125;ADVAGRAFT CAPS MVA 0,5MG;805;LKB;;
14656213;ATENOL/CHLOORT T 100/25MG;806;LK;;
16768175;ATOMOXETINE CAPS 40MG;807;LK;;
14719401;CELIPROLOL HCL TABL 400MG;808;LK;;
17208920;VILDAGLIPTIN/METFO TABL OMH 50/850MG;809;LK;;
15651444;EXEMESTAAN TABL OMH 25MG;810;LKB;;
16007530;FYCOMPA TABL OMH 6MG;811;LK;;
14964473;LYRICA C 150MG;812;LK;;
14964465;LYRICA C 75MG ;813;LK;;
15817032;PIOGLITAZON TABL 30MG;814;LK;;
16229207;PRIMIDON TABL 62,5MG;815;LK;;
13280406;PROPRANOLOL TABL 80MG;816;LK;;
14053136;PYRIDOXINE TABL 100MG;817;LK;;
13971328;PYRIDOXINE TABL 20MG;818;LK;;
15713261;RUPAFIN TABL 10MG;819;LK;;
16220900;TIROSINT CAPS 13MCG;820;LK;;
15248941;MEDIKINET CR CAPS MGA 40MG;821;LKB;;
16969804;PERINDOPRIL/AMLOD TAB 4/5M;822;LK;;
15196542;TERBINAFINE TABL 250MG;823;LK;;
;;824;LKB;;
14043564;PROVERA TABL 10MG;825;LK;;
12536210;TRANXENE TABL 50MG;826;LK;;
16835867;Amlodipine/Valsartan HCT TAB 5/160/12,5M;827;LK;;
16835646;Amlodipine/Valsartan HCT TABL 5/160/25M;828;LK;;
15917533;CANDESARTAN/HCT T 8/12,5MG;829;LK;;
15107027;ENALAPRIL/HYDROCHL T 20/6M;830;LK;;
15668770;FEMOSTON CON TABL OMH 0,5/2,5M;831;LK;;
14084449;NEORAL CAPS 100MG;832;LKB;;
17088380;OLMESARTAN/HCT T 20/12,5MG;833;LK;;
15731618;VALSARTAN/HCT 80/12,5 MG ;834;LK;;
15967743;VITAMINE K TABL 10MG;835;LK;;
12400068;DORMONOCT TABL 1MG;836;LK;;
15579018;NUTROF OMEGA VOEDINGSSUPP;837;LK;;
15142116;ASPIRINE PROTECT EC T 100M;838;LK;;
13950967;DEXAMETHASON TABL 1,5MG;839;LK;;
15972402;MEMANTINE TABL OMH 20MG;840;LK;;
16067908;METHADON TABL 50MG;841;LKB;;
12316334;RITMOFORINE RET TABL 250MG;842;LK;;
16903994;ACECORT TABL 1MG;843;LK;;
17384303;CARBIMAZOL TABL 5MG;844;LK;;
14818825;RIFAMPICINE CAPS 150MG;845;LK;;
16524713;GEMFIBROZIL T 600MG ;846;LK;WIS;WIS
15758168;ADVAGRAFT CAPS MVA 5MG;847;LKB;;
15759350;CAPTOPRIL T 50MG ;848;LK;;
;;849;LK;;
;;850;LK;;
16726537;IBUPROFEN TABL 400MG;851;LK;;
14191407;LOSEC MUPS TABL MSR 10MG;852;LK;;
14964481;LYRICA CAPS 300MG;853;LK;;
14992094;MOXONIDINE TABL 0,2MG;854;LK;;
13556347;NORVASC TABL 5MG;855;LK;;
17065631;OLBETAM CAPS 250 MG;856;LK;;
15110842;ONDANSETRON TABL OMH 4MG;857;LK;;
15110850;ONDANSETRON TABL OMH 8MG;858;LK;;
16316169;OXYCODON HCL TABL MVA 80MG;859;LKB;;
16156900;RYTMONORM TABL OMH 150MG;860;LK;;
15507262;SIFROL TABLET MVA 1,5MG;861;LK;;
15832376;TOPIRAMAAT TABL OMH 200MG;862;LK;;
15731650;VALSARTAN/HCT TABL 160/25M;863;LK;;
14219379;FLUNARIZINE CAPS 5MG;864;LK;;
14558424;CERAZETTE TABL OMH 0,075MG;865;LK;;
15494322;COVERSYL PLUS TAB 10/2,5MG;866;LK;;
15625613;ZYLORIC TABL 200MG;867;LK;;
16904028;ACECORT TABL 10MG;868;LK;;
16169484;MEMANTINE TABL OMH 10MG;869;LK;;
15973751;ACITRETINE CAPS 25MG;870;LK;;
15625540;ELTROXIN TABL 50MCG;871;LK;;
13543539;ESTROFEM TABL 2MG;872;LK;;
15951707;HYDROCHLOORTHIAZID T 6,25M;873;LK;;
15408884;LAMICTAL DISP KAUW T 50MG;874;LK;;
15248925;MEDIKINET CR CAPS MGA 20MG;875;LKB;;
16058593;OXYCODON TABL RET 60MG;876;LKB;;
15603873;PRAMIPEXOL TABL 0,25MG;877;LK;;
14849755;ROCALTROL CAPS 0,25MCG;878;LK;;
15416429;ROPINIROL TABL OMH 0,25MG;879;LK;;
15285839;SEROQUEL XR TABL MVA 300MG;880;LK;;
16220919;TIROSINT CAPS 50MCG;881;LK;;
15973743;ACITRETINE CAPS 10MG;882;LK;;
15192296;TAMOXIFEN TABL 40MG;883;LK;;
16880447;TRAZODON T 100MG ;884;B;230;307
14721635;ZYPREXA TABL 2,5MG;885;LK;;
16857305;METHYLFENIDAAT RET T 36MG;886;LKB;;
15993337;ALENDR/CHOLEC T 70MG/5600I;887;LK;;
15134512;GRANISETRON TABL OMH 1MG;888;LK;;
17331471;ATOMOXETINE CAPS 25MG;889;LK;;
16065530;BRINTELLIX TABL OMH 20MG;890;LK;;
15932915;CORTIMENT TABL MVA 9MG;891;LK;;
15521737;COZAAR TABL OMH 50MG;892;LK;;
14620243;FEMOSTON CON TABL OMH 1/5M;893;LK;;
16118693;FENOBARBITAL TABL 10MG;894;LK;;
15248933;MEDIKINET CR CAPS MGA 30MG;895;LKB;;
15832945;MONTELUKAST KAUWTABL 5MG;896;LK;;
14961547;MYFORTIC TABL MSR 360MG;897;LKB;;
;;898;LK;;
16059883;PALEXIA TABL RET 200MG;899;LKB;;
14266555;PARACETAMOL/COFF T 500/50M;900;LK;;
16064461;PRAMIPEXOL T RET 3MG;901;LK;;
16769856;PRIMOLUT N TABL 5MG;902;LK;;
15517071;SEMPREX CAPS 8MG;903;LK;;
15192083;SIMVASTATINE TABL OMH 60MG;904;LK;;
16007573;TELMISARTAN/HCT T 40/12,5M;905;LK;;
16022297;TIBOLINIA TABL 2,5MG;906;LK;;
16012887;TRIPLIXAM TABL 10/2,5/10MG;907;LK;;
14072475;LIPITOR TABL OMH 20MG;908;LK;;
13613774;MEGESTROLACETAAT TABL 160M;909;LK;;
12102946;ANTABUS DISP BRUISTABL 400MG;910;LK;;
16031873;SYNAPAUSE E3 TABL 1MG;911;LK;;
15155846;CIPROFLOXACINE TABL 500MG;912;LK;;
16872770;CINACALCET TABL  90MG;913;LK;;
14048256;DOGMATIL TABL 400MG;914;LK;;
14695162;FLUNITRAZEPAM TABL 1MG;915;LKB;;
16259475;LATUDA TABL OMH 37 MG;916;LK;;
13949462;MEBUTAN TABL 1G;917;LK;;
14560321;MINOCYCLINE TABL 100MG;918;LK;;
15817040;PIOGLITAZON TABL 45MG;919;LK;;
15597113;RISEDRONAAT TABL OMH 5MG;920;LK;;
17056462;PERINDOP/AMLODIP TABL 10/10 MG;921;LK;;
14578387;ZOFIL TABL OMH 7,5MG;922;LK;;
16835883;Amlodipine/Valsartan HCT TAB 10/160/25M;923;LK;;
14949342;FLUCONAZOL CAPS 200MG;924;LK;;
15244369;CABERGOLINE TABL 0,5MG;925;LK;;
17156874;LITHIUM CARB T 200MG ;926;B;344;172
15263002;PROTHIADEN MITIS CAPS 25MG;927;LK;;
15931498;VALSARTAN/HCT TABL 320/25M;928;LK;;
14036800;ZYPREXA TABL 5MG;929;LK;;
15037606;ALENDRONINEZUUR 10 MG;930;LK;;
16078985;ATOZET TABL 10/40MG;931;LK;;
16738799;BIKTARVY TABL 50/200/25MG;932;LK;;
14036584;BROOMHEXINE TABL 8MG;933;LK;;
15330168;COVERSYL TABL OMH 10MG;934;LK;;
14087367;EFEXOR XR CAPS MVA 75MG;935;LK;;
16311086;ETORICOXIB TABL OMH 120MG;936;LK;;
16595254;EZETIMIBE/SIMVASTATINE T 10/80MG;937;LK;;
14801698;ISORDIL TITRADOSE TABL 30MG;938;LK;;
16636066;Olmesartan/Amlodipine TABL OMH 40/10MG;939;LK;;
17091152;OLMESARTAN/HCT T 40/12,5MG;940;LK;;
15932753;PERINDOPRIL TABL 10MG;941;LK;;
16064488;PRAMIPEXOL RET T MVA 3,75M;942;LK;;
15941906;PROGYNOVA DRAG 1MG;943;LK;;
15922979;RALOXIFEEN TABL OMH 60MG;944;LK;;
16059875;REZOLSTA TABL OMH 800/150MG;945;LK;;
16210735;SANDOMIGRAN TABL OMH 0,5MG;946;LK;;
15921867;SELINCRO TABL OMH 18MG;947;LK;;
;;948;LK;;
16533496;VITAMINE D 10 TABL. 10 MCG / 400IE;949;LK;;
15638332;TETMODIS TABL 25MG;950;LK;;
15971821;TIVICAY TABL OMH 50MG;951;LK;;
14715805;ZYPREXA TABL 15MG;952;LK;;
14060906;SERDOLECT TABL OMH 16MG;953;LK;;
14795841;TAMBOCOR CR CAPS MGA 200MG;954;LK;;
17120063;ACEBUTOLOL TABL 200MG;955;LK;;
14217694;NOVONORM TABL 1MG;956;LK;;
14320649;PARIET TABL MSR 20MG;957;LK;;
16371143;COLECALCIFEROL C 100000IE;958;LK;;
15793435;IBANDRONINEZUUR TABL 150MG;959;LK;;
15600238;ADENURIC TABL. OMH 80MG;960;LK;;
13924966;FURABID CAPS MGA 100MG;961;LK;;
15248917;MEDIKINET CR CAPS MGA 10MG;962;LKB;;
16787277;RITONAVIR TABL OMH 100MG;963;LK;;
;;964;LK;;
15649873;TEMGESIC SL TABL OROM 0,2M;965;LKB;;
14084473;NORPROLAC TABL 75MCG;966;LK;;
15990443;ONGLYZA TABL 2,5MG;967;LK;;
13932756;INDOMETACINE CAPS 25MG;968;LK;;
17295416;DABIGATRAN CAPS 75MG;969;LK;;
16945077;CAPTOPRIL T 12,5MG;970;LK;;
14949334;FLUCONAZOL CAPS 150MG;971;LK;;
13204262;METHYLDOPA TABL 250MG;972;LK;;
17331536;ATOMOXETINE CAPS 80MG;973;LK;;
16056183;TRIUMEQ TABL OMH;974;LK;;
15242552;NOW MAGN CITRAAT TABL 200M;975;LK;;
15660524;MEDIKINET CR CAPS MGA 5MG;976;LKB;;
14213222;FLUNITRAZEPAM TABL 2MG;977;LKB;;
16007549;FYCOMPA TABL OMH 8MG;978;LK;;
16924045;AKTIPROL  TABL 200 MG;979;LK;;
17331528;ATOMOXETINE CAPS 60MG;980;LK;;
16673328;IVABRADINE TABL OMH 2,5MG;981;LK;;
16260201;ZONISAMIDE CAPS 25MG;982;LK;;
14956209;AMILORIDE HCI T 2,5/25MG;983;LK;;
15993329;ALENDR/CHOLEC T 70MG/2800I;984;LK;;
14023024;BROMAZEPAM TABL 6MG;985;LK;;
17120837;XIGDUO TABL 5/1000MG;986;LK;;
16164482;LIXIANA TABL 15MG;987;LK;;
17010160;LANTHAAN TABL 500MG;988;LK;;
16229193;PRIMIDON TABL 50MG;989;LK;;
16903900;AMIODARON TABL 50MG;990;LK;;
16960491;PROMETHAZINE TABL 12,5MG;991;LK;;
16903382;SERTRALINE TABL 12,2MG;992;LK;;
15144208;MULTIVITAMINE COMPLEET TABL;993;LK;;
15638545;ZONEGRAN CAPS 100 MG;994;LK;;
16007514;FYCOMPA TABL OMH 2MG;995;LK;;
15979210;FLUANXOL TABL 0,5 MG;996;LK;;
15360253;ETHINYL/LEVON T 0,02/0,1 MG;997;LK;;
16065522;BRINTELLIX TABL. 15 MG;998;LK;;
16224736;RASAGILINE TABL. 1 MG;999;LK;;
